From,To,Sent At,Message,Direction,inviterProfileUrl,inviteeProfileUrl
Franck Desmedt,Yvan Lafontaine,"11/5/23, 5:58 AM",,OUTGOING,https://www.linkedin.com/in,https://www.linkedin.com/in
Franck Desmedt,Michel Pappalardo,"11/5/23, 5:56 AM",,OUTGOING,https://www.linkedin.com/in,https://www.linkedin.com/in
Franck Desmedt,Fabrice Trifaro,"11/5/23, 5:55 AM",,OUTGOING,https://www.linkedin.com/in,https://www.linkedin.com/in
Franck Desmedt,Patrick Wampé,"11/3/23, 11:52 AM",,OUTGOING,https://www.linkedin.com/in,https://www.linkedin.com/in
Franck Desmedt,🤖 Eric Sotoca 💻🧠,"11/3/23, 11:41 AM",,OUTGOING,https://www.linkedin.com/in,https://www.linkedin.com/in
Franck Desmedt,Paul Grauwin,"11/3/23, 11:40 AM",,OUTGOING,https://www.linkedin.com/in,https://www.linkedin.com/in
Franck Desmedt,Jérémy Guédé,"10/21/23, 11:17 PM",,OUTGOING,https://www.linkedin.com/in,https://www.linkedin.com/in
Franck Desmedt,Jean-Louis Bonijol,"10/16/23, 10:47 AM",,OUTGOING,https://www.linkedin.com/in,https://www.linkedin.com/in
Franck Desmedt,🧑‍💻Warren Levin,"10/16/23, 7:45 AM","Salut, comme promis je fais suite à notre discussion au SecSea.... :) ",OUTGOING,https://www.linkedin.com/in,https://www.linkedin.com/in
Franck Desmedt,Philippe Paquier,"10/14/23, 5:14 AM",,OUTGOING,https://www.linkedin.com/in,https://www.linkedin.com/in
Franck Desmedt,Alain Permingeat,"10/14/23, 5:13 AM",,OUTGOING,https://www.linkedin.com/in,https://www.linkedin.com/in
Franck Desmedt,Clément Favier,"10/8/23, 11:20 PM",,OUTGOING,https://www.linkedin.com/in,https://www.linkedin.com/in
Franck Desmedt,Gregory Mejean,"10/6/23, 1:05 AM",,OUTGOING,https://www.linkedin.com/in,https://www.linkedin.com/in
Franck Desmedt,Laurent PASTOR,"10/4/23, 2:05 PM",,OUTGOING,https://www.linkedin.com/in,https://www.linkedin.com/in
Franck Desmedt,Christophe Rey,"9/29/23, 6:05 AM",,OUTGOING,https://www.linkedin.com/in,https://www.linkedin.com/in
Franck Desmedt,Frédéric Houdemer,"9/29/23, 2:55 AM",,OUTGOING,https://www.linkedin.com/in,https://www.linkedin.com/in
Franck Desmedt,Roman Combarieu,"9/28/23, 2:33 AM",,OUTGOING,https://www.linkedin.com/in,https://www.linkedin.com/in
Franck Desmedt,Julien COTTIN,"9/4/23, 12:41 AM",,OUTGOING,https://www.linkedin.com/in,https://www.linkedin.com/in
Franck Desmedt,Amandine Serrano,"7/5/23, 10:29 AM",,OUTGOING,https://www.linkedin.com/in,https://www.linkedin.com/in
Franck Desmedt,Denis Cousin,"7/1/23, 10:48 AM",,OUTGOING,https://www.linkedin.com/in,https://www.linkedin.com/in
Franck Desmedt,Yannick JESTIN,"6/8/23, 10:08 AM",,OUTGOING,https://www.linkedin.com/in,https://www.linkedin.com/in
Franck Desmedt,Patrick Locquet,"6/8/23, 10:08 AM",,OUTGOING,https://www.linkedin.com/in,https://www.linkedin.com/in
Franck Desmedt,Déborah FAURE,"6/8/23, 1:41 AM","Bonjour Déborah, Merci pour votre invitation, j'ai particulièrement apprécié mes échanges avec Melvin, vos métiers et vos projets. Je suis ressorti avec les yeux qui pétillent, ce qui est normal pour un fan de techno, dev, IOT, maintenance prédictive et autres ""bidouilles"" !  Cordialement Franck",OUTGOING,https://www.linkedin.com/in,https://www.linkedin.com/in
Franck Desmedt,Melvin Michaud,"6/8/23, 1:24 AM","Bonjour Melvin, Merci pour nos échanges hier soir Franck ",OUTGOING,https://www.linkedin.com/in,https://www.linkedin.com/in
Franck Desmedt,Agnes COQUILLAT,"6/2/23, 7:57 AM",,OUTGOING,https://www.linkedin.com/in,https://www.linkedin.com/in
Franck Desmedt,Bernard Ottaviani,"6/1/23, 5:10 AM",,OUTGOING,https://www.linkedin.com/in,https://www.linkedin.com/in
Florine LE MELLEC,Franck Desmedt,"11/9/23, 10:55 AM",,INCOMING,https://www.linkedin.com/in,https://www.linkedin.com/in
Jérôme Courgey,Franck Desmedt,"11/2/23, 2:23 AM",,INCOMING,https://www.linkedin.com/in,https://www.linkedin.com/in
Salim ANSARY,Franck Desmedt,"10/22/23, 8:33 PM",,INCOMING,https://www.linkedin.com/in,https://www.linkedin.com/in
Rommel Mirano,Franck Desmedt,"10/9/23, 6:03 PM","Bonjour Franck,  J'aimerais vous faire part d'une opportunité professionnelle suite à l'admiration que j'ai pour votre profil professionnel dans le domaine Java.   Si oui, je serais ravi de vous présenter l’offre que nous avons pour ce type de poste chez RKS consulting",INCOMING,https://www.linkedin.com/in,https://www.linkedin.com/in
Valentin Hugues,Franck Desmedt,"10/9/23, 12:17 AM",,INCOMING,https://www.linkedin.com/in,https://www.linkedin.com/in
Cléa Kosik,Franck Desmedt,"10/6/23, 12:16 PM",,INCOMING,https://www.linkedin.com/in,https://www.linkedin.com/in
Floriane Leclercq,Franck Desmedt,"10/5/23, 3:15 AM","Bonjour M. Desmedt, suite à votre rencontre avec M. Chauvin hier, pourriez-vous me recontacter à gouvernance@cciamp.com ou au 0786650173 pour votre mise en relation avec l'équipe du riality ? Cordialement,",INCOMING,https://www.linkedin.com/in,https://www.linkedin.com/in
Nicolas Cook,Franck Desmedt,"9/29/23, 3:59 AM",,INCOMING,https://www.linkedin.com/in,https://www.linkedin.com/in
Raphaël Taffin,Franck Desmedt,"9/28/23, 11:42 PM",,INCOMING,https://www.linkedin.com/in,https://www.linkedin.com/in
Julianne Weber,Franck Desmedt,"9/25/23, 9:17 AM",,INCOMING,https://www.linkedin.com/in,https://www.linkedin.com/in
Henda Ben Cheikh,Franck Desmedt,"9/24/23, 6:04 AM",,INCOMING,https://www.linkedin.com/in,https://www.linkedin.com/in
Anastasiia Bakunovets,Franck Desmedt,"9/21/23, 7:21 AM",,INCOMING,https://www.linkedin.com/in,https://www.linkedin.com/in
Gauthier Brunel-Vier,Franck Desmedt,"9/20/23, 12:32 AM",,INCOMING,https://www.linkedin.com/in,https://www.linkedin.com/in
Romuald Josse,Franck Desmedt,"9/5/23, 9:33 PM",,INCOMING,https://www.linkedin.com/in,https://www.linkedin.com/in
Valérie Morel,Franck Desmedt,"8/23/23, 12:44 AM",,INCOMING,https://www.linkedin.com/in,https://www.linkedin.com/in
Yanis Pistilli,Franck Desmedt,"8/21/23, 6:02 AM","Bonjour Franck,  Je suis à la recherche de nouveaux talents et la qualité et l'expérience don fait preuve votre profil ne m'ont pas laissé indifférent. Etes-vous à l'écoute du marché ?   Bien à vous, Yanis",INCOMING,https://www.linkedin.com/in,https://www.linkedin.com/in
Usmann Rafiq,Franck Desmedt,"8/14/23, 2:39 AM","***SQL/VBA DEVELOPER***FREELANCE***BANKING  Hi,  I am currently working on an exciting freelance position for a large bank in Brussels, as a SQL/VBA developer.  The role is remote with 1 day onsite in Brussels per week.  When are you free to discuss? ",INCOMING,https://www.linkedin.com/in,https://www.linkedin.com/in
Loic DOUYERE - MANTIONE,Franck Desmedt,"7/26/23, 10:30 AM",,INCOMING,https://www.linkedin.com/in,https://www.linkedin.com/in
Dorian Bao Meyfroodt-Ly,Franck Desmedt,"7/26/23, 10:25 AM",,INCOMING,https://www.linkedin.com/in,https://www.linkedin.com/in
Luis Guilherme Sousa,Franck Desmedt,"7/18/23, 2:30 AM","Hi Franck,  We're currently seeking for a Backend developer  with Java/Kotlin or PHP/Symfony  in Marseille. This is an hybrid role - 2x a week in the office.  Let me know if you could be considering new opportunities, so I can send all the info and JD.   Kind Regards, ",INCOMING,https://www.linkedin.com/in,https://www.linkedin.com/in
Charles Lambert,Franck Desmedt,"7/10/23, 4:43 AM",,INCOMING,https://www.linkedin.com/in,https://www.linkedin.com/in
Eva Constans,Franck Desmedt,"7/5/23, 10:24 AM","Hello,  Je travaille pour talent.io (tu t'y étais inscrit ;)). Je vois que tu es de nouveau ouvert à des opportunités. Si tu veux qu'on en discute tu peux prendre rdv dans mon agenda via ce lien : https://calendly.com/econstans/fup   À bientôt :)",INCOMING,https://www.linkedin.com/in,https://www.linkedin.com/in
Takoua Hariga,Franck Desmedt,"6/30/23, 7:39 AM",,INCOMING,https://www.linkedin.com/in,https://www.linkedin.com/in
Fabio Laviolette,Franck Desmedt,"6/30/23, 4:27 AM",,INCOMING,https://www.linkedin.com/in,https://www.linkedin.com/in
Madalsa  B.,Franck Desmedt,"6/20/23, 6:21 AM",,INCOMING,https://www.linkedin.com/in,https://www.linkedin.com/in
Patrick SONOU,Franck Desmedt,"6/18/23, 11:25 PM","Cher Franck,  J'aimerais me connecter avec vous sur LinkedIn et pouvoir échanger avec vous sur des sujets liés à la transformation numérique et au cloud.   Au-delà de LinkedIn, ce serait formidable de se rencontrer dans le monde physique.  Merci :)",INCOMING,https://www.linkedin.com/in,https://www.linkedin.com/in
Sérina HAMOUDA,Franck Desmedt,"6/15/23, 12:41 AM",,INCOMING,https://www.linkedin.com/in,https://www.linkedin.com/in
Lionel Ramos,Franck Desmedt,"6/11/23, 10:26 PM",,INCOMING,https://www.linkedin.com/in,https://www.linkedin.com/in
Samira Djerrah,Franck Desmedt,"6/7/23, 7:43 AM",,INCOMING,https://www.linkedin.com/in,https://www.linkedin.com/in
Jocelyne TRAORE,Franck Desmedt,"6/4/23, 11:10 PM",,INCOMING,https://www.linkedin.com/in,https://www.linkedin.com/in
Jessica Dermigny,Franck Desmedt,"6/2/23, 1:41 PM",,INCOMING,https://www.linkedin.com/in,https://www.linkedin.com/in
Valérie  D.,Franck Desmedt,"6/2/23, 4:50 AM",,INCOMING,https://www.linkedin.com/in,https://www.linkedin.com/in
Sophia 💻 📱 Dridi,Franck Desmedt,"6/1/23, 5:21 AM",,INCOMING,https://www.linkedin.com/in,https://www.linkedin.com/in
Erwan Bourgeois⚡,Franck Desmedt,"6/1/23, 3:06 AM",,INCOMING,https://www.linkedin.com/in,https://www.linkedin.com/in
Hugo MONERA,Franck Desmedt,"6/1/23, 1:58 AM",,INCOMING,https://www.linkedin.com/in,https://www.linkedin.com/in
Philippe Barrielle,Franck Desmedt,"6/1/23, 1:15 AM",,INCOMING,https://www.linkedin.com/in,https://www.linkedin.com/in
Alexia Guignard,Franck Desmedt,"5/31/23, 11:52 PM",,INCOMING,https://www.linkedin.com/in,https://www.linkedin.com/in
Julien Ben Ammar,Franck Desmedt,"5/31/23, 10:15 AM",,INCOMING,https://www.linkedin.com/in,https://www.linkedin.com/in
Mathieu GARRUCHO,Franck Desmedt,"5/31/23, 8:44 AM","Bonjour Franck,  J'espère que vous allez bien.  Je viens de voir que vous êtes à la recherche d'une nouvelle opportunité ! Seriez vous ouvert à un challenge en Suisse sur un poste orienté développement VBA ?  Belle journée.  Mathieu - Directeur Klanik Switzerland",INCOMING,https://www.linkedin.com/in,https://www.linkedin.com/in
David Hoornaert,Franck Desmedt,"5/31/23, 8:39 AM",,INCOMING,https://www.linkedin.com/in,https://www.linkedin.com/in
Ouafae BERKHLI,Franck Desmedt,"5/31/23, 7:24 AM",,INCOMING,https://www.linkedin.com/in,https://www.linkedin.com/in
Laetitia Nery,Franck Desmedt,"5/31/23, 7:02 AM",,INCOMING,https://www.linkedin.com/in,https://www.linkedin.com/in
Kelly Zonnenberg,Franck Desmedt,"5/31/23, 6:16 AM",,INCOMING,https://www.linkedin.com/in,https://www.linkedin.com/in
Elora BARRIELLE,Franck Desmedt,"5/30/23, 2:35 AM","Bonjour,  Votre profil a suscité ma curiosité dans ma recherche d’un Technicien support informatique situé à Marseille pour un grand média Marseillais.  Environnement de travail : Windows / Linux / MacOs Équipe : 3 personnes au support + 3 infra/système $ : 30-32k    On en parle ? ",INCOMING,https://www.linkedin.com/in,https://www.linkedin.com/in
Sacha Ivars,Franck Desmedt,"5/29/23, 1:43 AM",,INCOMING,https://www.linkedin.com/in,https://www.linkedin.com/in
Théo Ringot,Franck Desmedt,"5/26/23, 1:11 AM",,INCOMING,https://www.linkedin.com/in,https://www.linkedin.com/in
Olivier Mahieu,Franck Desmedt,"5/22/23, 11:11 PM",,INCOMING,https://www.linkedin.com/in,https://www.linkedin.com/in
Elodie Beaudhuin,Franck Desmedt,"5/15/23, 2:41 AM",,INCOMING,https://www.linkedin.com/in,https://www.linkedin.com/in
Rudy Dahdi,Franck Desmedt,"12/2/19, 1:24 AM",,INCOMING,https://www.linkedin.com/in,https://www.linkedin.com/in
Pierre HENNEBERT,Franck Desmedt,"12/11/18, 1:29 PM",,INCOMING,https://www.linkedin.com/in,https://www.linkedin.com/in
Zoumarou SARE,Franck Desmedt,"1/11/18, 2:19 AM",,INCOMING,https://www.linkedin.com/in,https://www.linkedin.com/in
